Protocollo;Gruppo;DataOraIncidente;Localizzazione1;STRADA1;Localizzazione2;STRADA2;Strada02;Chilometrica;DaSpecificare;NaturaIncidente;particolaritastrade;TipoStrada;FondoStradale;Pavimentazione;Segnaletica;CondizioneAtmosferica;Traffico;Visibilita;Illuminazione;NUM_FERITI;NUM_RISERVATA;NUM_MORTI;NUM_ILLESI;Longitudine;Latitudine;Confermato;Progressivo;TipoVeicolo;StatoVeicolo;TipoPersona;Sesso;Tipolesione;Deceduto;DecedutoDopo;CinturaCascoUtilizzato;Airbag
1746994;20;16/12/2007 09:05;Strada Urbana;VIA DELLA GIUSTINIANA;in corrispondenza;;del palo luce n. ;221;;Veicolo in marcia contro ostacolo accidentale;Curva a visuale libera;Una carreggiata a doppio senso;Ghiacciato;Asfaltata;Orizzontale;Sereno;Scarso;Buona;Ore Diurne;0;0;0;4;;;-1;2;Autovettura con rimorchio;In marcia / fermata / arresto;Conducente;M;Illeso;0;;Non accertato;Inesistente
1746994;20;16/12/2007 09:05;Strada Urbana;VIA DELLA GIUSTINIANA;in corrispondenza;;del palo luce n. ;221;;Veicolo in marcia contro ostacolo accidentale;Curva a visuale libera;Una carreggiata a doppio senso;Ghiacciato;Asfaltata;Orizzontale;Sereno;Scarso;Buona;Ore Diurne;0;0;0;4;;;-1;2;Autovettura con rimorchio;In marcia / fermata / arresto;Passeggero;M;Illeso;0;;Non accertato;Inesistente
1746994;20;16/12/2007 09:05;Strada Urbana;VIA DELLA GIUSTINIANA;in corrispondenza;;del palo luce n. ;221;;Veicolo in marcia contro ostacolo accidentale;Curva a visuale libera;Una carreggiata a doppio senso;Ghiacciato;Asfaltata;Orizzontale;Sereno;Scarso;Buona;Ore Diurne;0;0;0;4;;;-1;2;Autovettura con rimorchio;In marcia / fermata / arresto;Passeggero;F;Illeso;0;;Non accertato;Inesistente
1746995;20;16/12/2007 09:45;Strada Urbana;VIA DI GROTTAROSSA;da specificare;;;;prossimità Via delle Crescenza;Ribaltamento senza urto contro ostacolo fisso;Curva senza visuale libera;Una carreggiata a doppio senso;Ghiacciato;Asfaltata;Orizzontale;Sereno;Scarso;Buona;Ore Diurne;0;0;0;1;;;-1;1;Autovettura privata;In marcia / fermata / arresto;Conducente;F;Illeso;0;;Non accertato;Inesistente
1746996;20;16/12/2007 11:50;Provinciale;VIA BRACCIANENSE;all'intersezione con;VIA QUERO;VIA QUERO;;;Tamponamento;Intersezione stradale segnalata;Una carreggiata a doppio senso;Asciutto;Asfaltata;Orizzontale;Sereno;Normale;Sufficiente;Ore Diurne;0;0;0;4;;;-1;1;Autovettura privata;In marcia / fermata / arresto;Conducente;M;Illeso;0;;Non accertato;Inesistente
1746996;20;16/12/2007 11:50;Provinciale;VIA BRACCIANENSE;all'intersezione con;VIA QUERO;VIA QUERO;;;Tamponamento;Intersezione stradale segnalata;Una carreggiata a doppio senso;Asciutto;Asfaltata;Orizzontale;Sereno;Normale;Sufficiente;Ore Diurne;0;0;0;4;;;-1;2;Autovettura privata;In marcia / fermata / arresto;Conducente;M;Illeso;0;;Non utilizzato;Inesistente
1746996;20;16/12/2007 11:50;Provinciale;VIA BRACCIANENSE;all'intersezione con;VIA QUERO;VIA QUERO;;;Tamponamento;Intersezione stradale segnalata;Una carreggiata a doppio senso;Asciutto;Asfaltata;Orizzontale;Sereno;Normale;Sufficiente;Ore Diurne;0;0;0;4;;;-1;2;Autovettura privata;In marcia / fermata / arresto;Passeggero;F;Illeso;0;;Non accertato;Inesistente
1746996;20;16/12/2007 11:50;Provinciale;VIA BRACCIANENSE;all'intersezione con;VIA QUERO;VIA QUERO;;;Tamponamento;Intersezione stradale segnalata;Una carreggiata a doppio senso;Asciutto;Asfaltata;Orizzontale;Sereno;Normale;Sufficiente;Ore Diurne;0;0;0;4;;;-1;2;Autovettura privata;In marcia / fermata / arresto;Passeggero;F;Illeso;0;;Non accertato;Inesploso
1746997;20;16/12/2007 16:00;Statale entro l'abitato;VIA CASSIA;da specificare;;;;area parcheggio centro commerciale sito al civ.927;Scontro laterale fra veicoli in marcia;Rettilineo;Una carreggiata a doppio senso;Asciutto;Asfaltata;Verticale ed orizzontale;Sereno;Normale;Sufficiente;Sufficiente;0;0;0;2;;;-1;1;Quadriciclo leggero;In marcia / fermata / arresto;Conducente;F;Illeso;0;;Non accertato;Inesistente
1746997;20;16/12/2007 16:00;Statale entro l'abitato;VIA CASSIA;da specificare;;;;area parcheggio centro commerciale sito al civ.927;Scontro laterale fra veicoli in marcia;Rettilineo;Una carreggiata a doppio senso;Asciutto;Asfaltata;Verticale ed orizzontale;Sereno;Normale;Sufficiente;Sufficiente;0;0;0;2;;;-1;2;Autovettura privata;In marcia / fermata / arresto;Conducente;M;Illeso;0;;Non accertato;Inesistente
1746998;20;16/12/2007 17:40;Statale entro l'abitato;VIA CASSIA;in corrispondenza;;del civico n. ;654;;Tamponamento Multiplo;Rettilineo;Una carreggiata a doppio senso;Asciutto;Asfaltata;Orizzontale;Sole radente;Normale;Buona;Sufficiente;0;0;0;3;;;-1;1;Autovettura privata;In marcia / fermata / arresto;Conducente;M;Illeso;0;;Non accertato;Inesistente
1746998;20;16/12/2007 17:40;Statale entro l'abitato;VIA CASSIA;in corrispondenza;;del civico n. ;654;;Tamponamento Multiplo;Rettilineo;Una carreggiata a doppio senso;Asciutto;Asfaltata;Orizzontale;Sole radente;Normale;Buona;Sufficiente;0;0;0;3;;;-1;2;Autovettura privata;In marcia / fermata / arresto;Conducente;M;Illeso;0;;Non accertato;Inesistente
1746998;20;16/12/2007 17:40;Statale entro l'abitato;VIA CASSIA;in corrispondenza;;del civico n. ;654;;Tamponamento Multiplo;Rettilineo;Una carreggiata a doppio senso;Asciutto;Asfaltata;Orizzontale;Sole radente;Normale;Buona;Sufficiente;0;0;0;3;;;-1;3;Autocarro inferiore 35 q.;In marcia / fermata / arresto;Conducente;M;Illeso;0;;Non accertato;Inesistente
1746999;20;16/12/2007 20:10;Strada Urbana;VIA TRIONFALE;in prossimità;;del civico n. ;13961;;Tamponamento Multiplo;Rettilineo;Una carreggiata a doppio senso;Asciutto;Asfaltata;Verticale ed orizzontale;Sereno;Normale;Buona;Sufficiente;0;0;0;4;;;-1;1;Autovettura privata;In marcia / fermata / arresto;Conducente;F;Illeso;0;;Utilizzato;Inesistente
1746999;20;16/12/2007 20:10;Strada Urbana;VIA TRIONFALE;in prossimità;;del civico n. ;13961;;Tamponamento Multiplo;Rettilineo;Una carreggiata a doppio senso;Asciutto;Asfaltata;Verticale ed orizzontale;Sereno;Normale;Buona;Sufficiente;0;0;0;4;;;-1;2;Autovettura privata;In marcia / fermata / arresto;Conducente;M;Illeso;0;;Non accertato;Inesistente
1746999;20;16/12/2007 20:10;Strada Urbana;VIA TRIONFALE;in prossimità;;del civico n. ;13961;;Tamponamento Multiplo;Rettilineo;Una carreggiata a doppio senso;Asciutto;Asfaltata;Verticale ed orizzontale;Sereno;Normale;Buona;Sufficiente;0;0;0;4;;;-1;3;Autovettura privata;In marcia / fermata / arresto;Conducente;F;Illeso;0;;Non accertato;Inesistente
1746999;20;16/12/2007 20:10;Strada Urbana;VIA TRIONFALE;in prossimità;;del civico n. ;13961;;Tamponamento Multiplo;Rettilineo;Una carreggiata a doppio senso;Asciutto;Asfaltata;Verticale ed orizzontale;Sereno;Normale;Buona;Sufficiente;0;0;0;4;;;-1;3;Autovettura privata;In marcia / fermata / arresto;Passeggero;M;Illeso;0;;Non accertato;Inesistente
1747000;12;14/12/2007 10:00;Strada Urbana;VIA CRISTOFORO COLOMBO;da specificare;;;;direzione Roma centro pross. civ.575;Veicolo in marcia contro ostacolo fisso;Rettilineo;Più di due carreggiate;Asciutto;Asfaltata;Verticale ed orizzontale;Sereno;Scarso;Buona;Ore Diurne;0;0;0;1;;;-1;1;Autovettura privata;In marcia / fermata / arresto;Conducente;M;Illeso;0;;Utilizzato;Inesistente
1747001;12;14/12/2007 11:50;Strada Urbana;VIA CALCEDONIO GIORDANO;da specificare;;;;prox. VIALE DEGLI EROI DI RODI;Tamponamento;Rettilineo;Due carreggiate;Asciutto;Asfaltata;Verticale ed orizzontale;Sereno;Scarso;Buona;Ore Diurne;0;0;0;2;;;-1;1;Autovettura privata;In marcia / fermata / arresto;Conducente;M;Illeso;0;;Utilizzato;Inesploso
1747001;12;14/12/2007 11:50;Strada Urbana;VIA CALCEDONIO GIORDANO;da specificare;;;;prox. VIALE DEGLI EROI DI RODI;Tamponamento;Rettilineo;Due carreggiate;Asciutto;Asfaltata;Verticale ed orizzontale;Sereno;Scarso;Buona;Ore Diurne;0;0;0;2;;;-1;2;Autovettura privata;In marcia / fermata / arresto;Conducente;M;Illeso;0;;Utilizzato;Inesistente
1747002;13;16/12/2007 13:20;Strada Urbana;VIA ALBERTO GALLI;all'intersezione con;VIA CESARE MACCARI;VIA CESARE MACCARI;;;Scontro frontale/laterale DX fra veicoli in marcia;Incrocio;Una carreggiata a doppio senso;Asciutto;Asfaltata;Orizzontale;Nuvoloso;Scarso;Buona;Ore Diurne;0;0;0;2;;;-1;1;Autovettura privata;In marcia / fermata / arresto;Conducente;M;Illeso;0;;Non accertato;Inesistente
1747002;13;16/12/2007 13:20;Strada Urbana;VIA ALBERTO GALLI;all'intersezione con;VIA CESARE MACCARI;VIA CESARE MACCARI;;;Scontro frontale/laterale DX fra veicoli in marcia;Incrocio;Una carreggiata a doppio senso;Asciutto;Asfaltata;Orizzontale;Nuvoloso;Scarso;Buona;Ore Diurne;0;0;0;2;;;-1;2;Autovettura privata;In marcia / fermata / arresto;Conducente;M;Illeso;0;;Non accertato;Inesistente
1747003;13;16/12/2007 21:05;Strada Urbana;VIA UMBERTO LILLONI;in corrispondenza;;del civico n. ;140;;Veicolo in marcia contro veicolo in sosta;Rettilineo;Una carreggiata a senso unico di marcia;Asciutto;Asfaltata;Verticale ed orizzontale;Sereno;Scarso;Buona;Sufficiente;1;0;0;0;;;-1;1;Autovettura privata;In marcia / fermata / arresto;Conducente;F;Rimandato;0;NON DECEDUTO;Non accertato;Inesploso
1747004;13;16/12/2007 21:25;Strada Urbana;VIA DI DRAGONE;all'intersezione con;VIA GIOVANNI SALVATERRA;VIA GIOVANNI SALVATERRA;;;Scontro frontale/laterale DX fra veicoli in marcia;Incrocio;Una carreggiata a doppio senso;Asciutto;Asfaltata;Assente;Nuvoloso;Scarso;Sufficiente;Sufficiente;3;0;0;1;;;-1;1;Autovettura privata;In marcia / fermata / arresto;Conducente;M;Illeso;0;;Utilizzato;Inesploso
1747004;13;16/12/2007 21:25;Strada Urbana;VIA DI DRAGONE;all'intersezione con;VIA GIOVANNI SALVATERRA;VIA GIOVANNI SALVATERRA;;;Scontro frontale/laterale DX fra veicoli in marcia;Incrocio;Una carreggiata a doppio senso;Asciutto;Asfaltata;Assente;Nuvoloso;Scarso;Sufficiente;Sufficiente;3;0;0;1;;;-1;2;Quadriciclo leggero;In marcia / fermata / arresto;Conducente;F;Rimandato;0;NON DECEDUTO;Non accertato;Inesploso
1747004;13;16/12/2007 21:25;Strada Urbana;VIA DI DRAGONE;all'intersezione con;VIA GIOVANNI SALVATERRA;VIA GIOVANNI SALVATERRA;;;Scontro frontale/laterale DX fra veicoli in marcia;Incrocio;Una carreggiata a doppio senso;Asciutto;Asfaltata;Assente;Nuvoloso;Scarso;Sufficiente;Sufficiente;3;0;0;1;;;-1;2;Quadriciclo leggero;In marcia / fermata / arresto;Passeggero;F;Rimandato;0;NON DECEDUTO;Non accertato;Inesploso
1747004;13;16/12/2007 21:25;Strada Urbana;VIA DI DRAGONE;all'intersezione con;VIA GIOVANNI SALVATERRA;VIA GIOVANNI SALVATERRA;;;Scontro frontale/laterale DX fra veicoli in marcia;Incrocio;Una carreggiata a doppio senso;Asciutto;Asfaltata;Assente;Nuvoloso;Scarso;Sufficiente;Sufficiente;3;0;0;1;;;-1;2;Quadriciclo leggero;In marcia / fermata / arresto;Passeggero;F;Ricoverato;0;NON DECEDUTO;Non accertato;Inesploso
1747005;15;15/12/2007 06:30;Strada Urbana;VIA ODERISI DA GUBBIO;in corrispondenza;;del civico n. ;116;;Scontro frontale/laterale SX fra veicoli in marcia;Rettilineo;Una carreggiata a doppio senso;Asciutto;Asfaltata;Orizzontale;Sereno;Scarso;Buona;Ore Diurne;1;0;0;1;;;-1;1;Autocarro inferiore 35 q.;In marcia / fermata / arresto;Conducente;M;Illeso;0;;Utilizzato;Inesistente
1747005;15;15/12/2007 06:30;Strada Urbana;VIA ODERISI DA GUBBIO;in corrispondenza;;del civico n. ;116;;Scontro frontale/laterale SX fra veicoli in marcia;Rettilineo;Una carreggiata a doppio senso;Asciutto;Asfaltata;Orizzontale;Sereno;Scarso;Buona;Ore Diurne;1;0;0;1;;;-1;2;Motociclo a solo;In marcia / fermata / arresto;Conducente;M;Rimandato;0;NON DECEDUTO;Utilizzato;Inesistente
1747006;15;15/12/2007 08:30;Comunale extraurbana;VIALE FRANCO D'AMICO;all'intersezione con;VIALE ALEXANDRE G. EIFFEL;VIALE ALEXANDRE G. EIFFEL;;;Scontro laterale fra veicoli in marcia;Rotatoria;Due carreggiate;Asciutto;Asfaltata;Verticale ed orizzontale;Sereno;Scarso;Buona;Ore Diurne;0;0;0;4;;;-1;1;Autovettura privata;In marcia / fermata / arresto;Conducente;M;Illeso;0;;Utilizzato;Inesistente
1747006;15;15/12/2007 08:30;Comunale extraurbana;VIALE FRANCO D'AMICO;all'intersezione con;VIALE ALEXANDRE G. EIFFEL;VIALE ALEXANDRE G. EIFFEL;;;Scontro laterale fra veicoli in marcia;Rotatoria;Due carreggiate;Asciutto;Asfaltata;Verticale ed orizzontale;Sereno;Scarso;Buona;Ore Diurne;0;0;0;4;;;-1;2;Autovettura privata;In marcia / fermata / arresto;Conducente;M;Illeso;0;;Utilizzato;Inesistente
1747006;15;15/12/2007 08:30;Comunale extraurbana;VIALE FRANCO D'AMICO;all'intersezione con;VIALE ALEXANDRE G. EIFFEL;VIALE ALEXANDRE G. EIFFEL;;;Scontro laterale fra veicoli in marcia;Rotatoria;Due carreggiate;Asciutto;Asfaltata;Verticale ed orizzontale;Sereno;Scarso;Buona;Ore Diurne;0;0;0;4;;;-1;2;Autovettura privata;In marcia / fermata / arresto;Passeggero;F;Illeso;0;;Utilizzato;Inesistente
1747006;15;15/12/2007 08:30;Comunale extraurbana;VIALE FRANCO D'AMICO;all'intersezione con;VIALE ALEXANDRE G. EIFFEL;VIALE ALEXANDRE G. EIFFEL;;;Scontro laterale fra veicoli in marcia;Rotatoria;Due carreggiate;Asciutto;Asfaltata;Verticale ed orizzontale;Sereno;Scarso;Buona;Ore Diurne;0;0;0;4;;;-1;2;Autovettura privata;In marcia / fermata / arresto;Passeggero;F;Illeso;0;;Utilizzato;Inesistente
1747007;15;15/12/2007 09:50;Provinciale;VIA PORTUENSE;da specificare;;;;uscita park 1 fiera di roma;Scontro laterale fra veicoli in marcia;Rettilineo;Una carreggiata a senso unico di marcia;Asciutto;Asfaltata;Verticale ed orizzontale;Sereno;Scarso;Buona;Ore Diurne;0;0;0;3;;;-1;1;Autocarro inferiore 35 q.;In marcia / fermata / arresto;Conducente;M;Illeso;0;;Utilizzato;Inesistente
1747007;15;15/12/2007 09:50;Provinciale;VIA PORTUENSE;da specificare;;;;uscita park 1 fiera di roma;Scontro laterale fra veicoli in marcia;Rettilineo;Una carreggiata a senso unico di marcia;Asciutto;Asfaltata;Verticale ed orizzontale;Sereno;Scarso;Buona;Ore Diurne;0;0;0;3;;;-1;2;Autovettura privata;In marcia / fermata / arresto;Conducente;F;Illeso;0;;Utilizzato;Inesistente
1747007;15;15/12/2007 09:50;Provinciale;VIA PORTUENSE;da specificare;;;;uscita park 1 fiera di roma;Scontro laterale fra veicoli in marcia;Rettilineo;Una carreggiata a senso unico di marcia;Asciutto;Asfaltata;Verticale ed orizzontale;Sereno;Scarso;Buona;Ore Diurne;0;0;0;3;;;-1;2;Autovettura privata;In marcia / fermata / arresto;Passeggero;F;Illeso;0;;Utilizzato;Inesistente
1747008;15;15/12/2007 11:35;Strada Urbana;VIA PORTUENSE;in prossimità;;del civico n. ;743;;Scontro frontale/laterale SX fra veicoli in marcia;Rettilineo;Una carreggiata a doppio senso;Asciutto;Asfaltata;Orizzontale;Sereno;Normale;Buona;Ore Diurne;1;0;0;0;;;-1;1;Motociclo a solo;In marcia / fermata / arresto;Conducente;M;Rimandato;0;NON DECEDUTO;Utilizzato;Inesistente
1747009;15;17/12/2007 11:40;Strada Urbana;VIALE GIUSEPPE SIRTORI;all'intersezione con;PIAZZA AUGUSTO LORENZINI;PIAZZA AUGUSTO LORENZINI;;;Scontro laterale fra veicoli in marcia;Incrocio;Una carreggiata a doppio senso;Asciutto;Asfaltata;Verticale ed orizzontale;Nuvoloso;Normale;Buona;Ore Diurne;2;0;0;1;;;-1;1;Autovettura privata;In marcia / fermata / arresto;Conducente;F;Illeso;0;;Utilizzato;Inesistente
1747009;15;17/12/2007 11:40;Strada Urbana;VIALE GIUSEPPE SIRTORI;all'intersezione con;PIAZZA AUGUSTO LORENZINI;PIAZZA AUGUSTO LORENZINI;;;Scontro laterale fra veicoli in marcia;Incrocio;Una carreggiata a doppio senso;Asciutto;Asfaltata;Verticale ed orizzontale;Nuvoloso;Normale;Buona;Ore Diurne;2;0;0;1;;;-1;2;Ciclomotore;In marcia / fermata / arresto;Conducente;F;Rimandato;0;NON DECEDUTO;Utilizzato;Inesistente
1747009;15;17/12/2007 11:40;Strada Urbana;VIALE GIUSEPPE SIRTORI;all'intersezione con;PIAZZA AUGUSTO LORENZINI;PIAZZA AUGUSTO LORENZINI;;;Scontro laterale fra veicoli in marcia;Incrocio;Una carreggiata a doppio senso;Asciutto;Asfaltata;Verticale ed orizzontale;Nuvoloso;Normale;Buona;Ore Diurne;2;0;0;1;;;-1;2;Ciclomotore;In marcia / fermata / arresto;Passeggero;F;Rimandato;0;NON DECEDUTO;Utilizzato;Inesistente
1747010;15;16/12/2007 08:05;Autostrada;VIADOTTO DELLA MAGLIANA;da specificare;;;;uscita per Via della Magliana;Tamponamento;Rettilineo;Una carreggiata a senso unico di marcia;Asciutto;Asfaltata;Verticale ed orizzontale;Sereno;Scarso;Buona;Ore Diurne;1;0;0;1;;;-1;1;Autocarro superiore 35 q.;In marcia / fermata / arresto;Conducente;M;Illeso;0;;Utilizzato;Inesistente
1747010;15;16/12/2007 08:05;Autostrada;VIADOTTO DELLA MAGLIANA;da specificare;;;;uscita per Via della Magliana;Tamponamento;Rettilineo;Una carreggiata a senso unico di marcia;Asciutto;Asfaltata;Verticale ed orizzontale;Sereno;Scarso;Buona;Ore Diurne;1;0;0;1;;;-1;2;Autovettura privata;In marcia / fermata / arresto;Conducente;F;Rimandato;0;NON DECEDUTO;Utilizzato;Inesistente
1747011;15;16/12/2007 15:10;Strada Urbana;VIA DEL MONTE DELLE CAPRE;all'intersezione con;VICOLO DEL MONTE DELLE CAPRE;VICOLO DEL MONTE DELLE CAPRE;;;Scontro frontale/laterale DX fra veicoli in marcia;Incrocio;Una carreggiata a doppio senso;Asciutto;Asfaltata;Verticale ed orizzontale;Sereno;Normale;Buona;Ore Diurne;0;0;0;3;;;-1;1;Autovettura privata;In marcia / fermata / arresto;Conducente;F;Illeso;0;;Utilizzato;Inesistente
1747011;15;16/12/2007 15:10;Strada Urbana;VIA DEL MONTE DELLE CAPRE;all'intersezione con;VICOLO DEL MONTE DELLE CAPRE;VICOLO DEL MONTE DELLE CAPRE;;;Scontro frontale/laterale DX fra veicoli in marcia;Incrocio;Una carreggiata a doppio senso;Asciutto;Asfaltata;Verticale ed orizzontale;Sereno;Normale;Buona;Ore Diurne;0;0;0;3;;;-1;1;Autovettura privata;In marcia / fermata / arresto;Passeggero;F;Illeso;0;;Utilizzato;Inesistente
1747011;15;16/12/2007 15:10;Strada Urbana;VIA DEL MONTE DELLE CAPRE;all'intersezione con;VICOLO DEL MONTE DELLE CAPRE;VICOLO DEL MONTE DELLE CAPRE;;;Scontro frontale/laterale DX fra veicoli in marcia;Incrocio;Una carreggiata a doppio senso;Asciutto;Asfaltata;Verticale ed orizzontale;Sereno;Normale;Buona;Ore Diurne;0;0;0;3;;;-1;2;Motociclo a solo;In marcia / fermata / arresto;Conducente;M;Illeso;0;;Utilizzato;Inesistente
1747012;15;16/12/2007 15:15;Strada Urbana;VIA DEL MONTE DELLE CAPRE;all'intersezione con;VICOLO DEL MONTE DELLE CAPRE;VICOLO DEL MONTE DELLE CAPRE;;;Veicolo in marcia contro veicolo in sosta;Intersezione non regolata/non segnalata;Una carreggiata a doppio senso;Asciutto;Asfaltata;Verticale ed orizzontale;Sereno;Normale;Buona;Ore Diurne;0;0;0;2;;;-1;2;Autovettura privata;In marcia / fermata / arresto;Conducente;F;Illeso;0;;Utilizzato;Inesistente
1747012;15;16/12/2007 15:15;Strada Urbana;VIA DEL MONTE DELLE CAPRE;all'intersezione con;VICOLO DEL MONTE DELLE CAPRE;VICOLO DEL MONTE DELLE CAPRE;;;Veicolo in marcia contro veicolo in sosta;Intersezione non regolata/non segnalata;Una carreggiata a doppio senso;Asciutto;Asfaltata;Verticale ed orizzontale;Sereno;Normale;Buona;Ore Diurne;0;0;0;2;;;-1;2;Autovettura privata;In marcia / fermata / arresto;Passeggero;M;Illeso;0;;Utilizzato;Inesistente
1747013;18;13/12/2007 09:20;Strada Urbana;VIA DI S. MARIA ALLE FORNACI;in corrispondenza;;del civico n. ;1A;;Veicolo in marcia contro veicolo fermo;Rettilineo;Una carreggiata a senso unico di marcia;Asciutto;Asfaltata;Assente;Sereno;Normale;Buona;Ore Diurne;0;0;0;1;;;-1;2;Autovettura privata;In marcia / fermata / arresto;Conducente;M;Illeso;0;;Non accertato;Inesistente
1747014;18;13/12/2007 17:40;Strada Urbana;CIRCONVALLAZIONE CORNELIA;in prossimità;;del civico n. ;98;;Veicolo in marcia contro veicolo arresto;Rettilineo;Due carreggiate;Asciutto;Asfaltata;Verticale ed orizzontale;Sereno;Intenso;Buona;Ore Diurne;2;0;0;3;;;-1;1;Autovettura privata;In marcia / fermata / arresto;Conducente;M;Illeso;0;;Non accertato;Inesistente
1747014;18;13/12/2007 17:40;Strada Urbana;CIRCONVALLAZIONE CORNELIA;in prossimità;;del civico n. ;98;;Veicolo in marcia contro veicolo arresto;Rettilineo;Due carreggiate;Asciutto;Asfaltata;Verticale ed orizzontale;Sereno;Intenso;Buona;Ore Diurne;2;0;0;3;;;-1;1;Autovettura privata;In marcia / fermata / arresto;Passeggero;M;Illeso;0;;Non accertato;Inesistente
1747014;18;13/12/2007 17:40;Strada Urbana;CIRCONVALLAZIONE CORNELIA;in prossimità;;del civico n. ;98;;Veicolo in marcia contro veicolo arresto;Rettilineo;Due carreggiate;Asciutto;Asfaltata;Verticale ed orizzontale;Sereno;Intenso;Buona;Ore Diurne;2;0;0;3;;;-1;1;Autovettura privata;In marcia / fermata / arresto;Passeggero;F;Illeso;0;;Non accertato;Inesistente
1747014;18;13/12/2007 17:40;Strada Urbana;CIRCONVALLAZIONE CORNELIA;in prossimità;;del civico n. ;98;;Veicolo in marcia contro veicolo arresto;Rettilineo;Due carreggiate;Asciutto;Asfaltata;Verticale ed orizzontale;Sereno;Intenso;Buona;Ore Diurne;2;0;0;3;;;-1;2;Motociclo con passeggero;In marcia / fermata / arresto;Conducente;M;Rifiuta cure immediate;0;NON DECEDUTO;Non accertato;Inesistente
1747014;18;13/12/2007 17:40;Strada Urbana;CIRCONVALLAZIONE CORNELIA;in prossimità;;del civico n. ;98;;Veicolo in marcia contro veicolo arresto;Rettilineo;Due carreggiate;Asciutto;Asfaltata;Verticale ed orizzontale;Sereno;Intenso;Buona;Ore Diurne;2;0;0;3;;;-1;2;Motociclo con passeggero;In marcia / fermata / arresto;Passeggero;F;Rimandato;0;NON DECEDUTO;Non accertato;Inesistente
1747015;18;14/12/2007 08:50;Strada Urbana;VIA CORNELIA;in prossimità;;del civico n. ;345;;Veicolo in marcia contro veicolo fermo;Rettilineo;Una carreggiata a doppio senso;Asciutto;Asfaltata;Verticale ed orizzontale;Sereno;Scarso;Buona;Ore Diurne;1;0;0;2;;;-1;1;Autovettura privata;Sosta;Conducente;F;Rifiuta cure immediate;0;NON DECEDUTO;Non accertato;Inesistente
1747015;18;14/12/2007 08:50;Strada Urbana;VIA CORNELIA;in prossimità;;del civico n. ;345;;Veicolo in marcia contro veicolo fermo;Rettilineo;Una carreggiata a doppio senso;Asciutto;Asfaltata;Verticale ed orizzontale;Sereno;Scarso;Buona;Ore Diurne;1;0;0;2;;;-1;1;Autovettura privata;Sosta;Passeggero;M;Illeso;0;;Non accertato;Inesistente
1747015;18;14/12/2007 08:50;Strada Urbana;VIA CORNELIA;in prossimità;;del civico n. ;345;;Veicolo in marcia contro veicolo fermo;Rettilineo;Una carreggiata a doppio senso;Asciutto;Asfaltata;Verticale ed orizzontale;Sereno;Scarso;Buona;Ore Diurne;1;0;0;2;;;-1;2;Autovettura privata;In marcia / fermata / arresto;Conducente;M;Illeso;0;;Non accertato;Inesistente
1747016;18;14/12/2007 12:00;Strada Urbana;VIA ANASTASIO II;all'intersezione semaforizzata con;PIAZZA PIO XI;PIAZZA PIO XI;;;Tamponamento;Intersezione semaforizzata;Una carreggiata a doppio senso;Asciutto;Asfaltata;Verticale ed orizzontale;Sereno;Normale;Buona;Ore Diurne;1;0;0;2;;;-1;1;Autocarro inferiore 35 q.;In marcia / fermata / arresto;Conducente;M;Illeso;0;;Non accertato;Inesistente
1747016;18;14/12/2007 12:00;Strada Urbana;VIA ANASTASIO II;all'intersezione semaforizzata con;PIAZZA PIO XI;PIAZZA PIO XI;;;Tamponamento;Intersezione semaforizzata;Una carreggiata a doppio senso;Asciutto;Asfaltata;Verticale ed orizzontale;Sereno;Normale;Buona;Ore Diurne;1;0;0;2;;;-1;1;Autocarro inferiore 35 q.;In marcia / fermata / arresto;Passeggero;M;Illeso;0;;Non accertato;Inesistente
1747016;18;14/12/2007 12:00;Strada Urbana;VIA ANASTASIO II;all'intersezione semaforizzata con;PIAZZA PIO XI;PIAZZA PIO XI;;;Tamponamento;Intersezione semaforizzata;Una carreggiata a doppio senso;Asciutto;Asfaltata;Verticale ed orizzontale;Sereno;Normale;Buona;Ore Diurne;1;0;0;2;;;-1;2;Autovettura privata;In marcia / fermata / arresto;Conducente;M;Rifiuta cure immediate;0;NON DECEDUTO;Non accertato;Inesistente
1747017;18;15/12/2007 13:30;Strada Urbana;VIA DECIO AZZOLINO;all'intersezione con;VIA ODOARDO GIOVE;VIA ODOARDO GIOVE;;;Ribaltamento senza urto contro ostacolo fisso;Intersezione non regolata/non segnalata;Una carreggiata a doppio senso;Asciutto;Asfaltata;Orizzontale;Sereno;Normale;Buona;Ore Diurne;2;0;0;0;;;-1;1;Motociclo con passeggero;In marcia / fermata / arresto;Conducente;M;Rifiuta cure immediate;0;NON DECEDUTO;Non accertato;Inesistente
1747017;18;15/12/2007 13:30;Strada Urbana;VIA DECIO AZZOLINO;all'intersezione con;VIA ODOARDO GIOVE;VIA ODOARDO GIOVE;;;Ribaltamento senza urto contro ostacolo fisso;Intersezione non regolata/non segnalata;Una carreggiata a doppio senso;Asciutto;Asfaltata;Orizzontale;Sereno;Normale;Buona;Ore Diurne;2;0;0;0;;;-1;1;Motociclo con passeggero;In marcia / fermata / arresto;Passeggero;M;Rimandato;0;NON DECEDUTO;Non accertato;Inesistente
1747018;18;15/12/2007 14:20;Strada Urbana;VIA MATTIA BATTISTINI;in corrispondenza;;del civico n. ;11/G;;Scontro frontale fra veicoli in marcia;Rettilineo;Una carreggiata a doppio senso;Asciutto;Asfaltata;Verticale ed orizzontale;Sereno;Normale;Buona;Ore Diurne;1;0;0;1;;;-1;1;Autovettura privata;In marcia / fermata / arresto;Conducente;F;Illeso;0;;Non accertato;Inesistente
1747018;18;15/12/2007 14:20;Strada Urbana;VIA MATTIA BATTISTINI;in corrispondenza;;del civico n. ;11/G;;Scontro frontale fra veicoli in marcia;Rettilineo;Una carreggiata a doppio senso;Asciutto;Asfaltata;Verticale ed orizzontale;Sereno;Normale;Buona;Ore Diurne;1;0;0;1;;;-1;2;Ciclomotore;In marcia / fermata / arresto;Conducente;M;Rimandato;0;NON DECEDUTO;Non accertato;Inesistente